{
  "hash": "be2564de",
  "configHash": "1e1247da",
  "lockfileHash": "d6ce1d20",
  "browserHash": "0fe0f004",
  "optimized": {
    "@angular/common/http": {
      "src": "../../../../../node_modules/@angular/common/fesm2022/http.mjs",
      "file": "@angular_common_http.js",
      "fileHash": "cbab20f9",
      "needsInterop": false
    },
    "@angular/core": {
      "src": "../../../../../node_modules/@angular/core/fesm2022/core.mjs",
      "file": "@angular_core.js",
      "fileHash": "9abdd854",
      "needsInterop": false
    },
    "@angular/material/grid-list": {
      "src": "../../../../../node_modules/@angular/material/fesm2022/grid-list.mjs",
      "file": "@angular_material_grid-list.js",
      "fileHash": "1f0e0e54",
      "needsInterop": false
    },
    "@angular/platform-browser": {
      "src": "../../../../../node_modules/@angular/platform-browser/fesm2022/platform-browser.mjs",
      "file": "@angular_platform-browser.js",
      "fileHash": "8ebc0ed0",
      "needsInterop": false
    },
    "@angular/router": {
      "src": "../../../../../node_modules/@angular/router/fesm2022/router.mjs",
      "file": "@angular_router.js",
      "fileHash": "f6c87f27",
      "needsInterop": false
    },
    "chart.js/auto": {
      "src": "../../../../../node_modules/chart.js/auto/auto.js",
      "file": "chart__js_auto.js",
      "fileHash": "5244580c",
      "needsInterop": false
    },
    "highcharts": {
      "src": "../../../../../node_modules/highcharts/highcharts.js",
      "file": "highcharts.js",
      "fileHash": "fdba0ed5",
      "needsInterop": true
    },
    "highcharts/modules/drilldown": {
      "src": "../../../../../node_modules/highcharts/modules/drilldown.js",
      "file": "highcharts_modules_drilldown.js",
      "fileHash": "bcc368b5",
      "needsInterop": true
    }
  },
  "chunks": {
    "chunk-GLDTBLKT": {
      "file": "chunk-GLDTBLKT.js"
    },
    "chunk-BQHPNQ3M": {
      "file": "chunk-BQHPNQ3M.js"
    },
    "chunk-6UAYYD3L": {
      "file": "chunk-6UAYYD3L.js"
    },
    "chunk-KCIWN2VL": {
      "file": "chunk-KCIWN2VL.js"
    },
    "chunk-WKYGNSYM": {
      "file": "chunk-WKYGNSYM.js"
    }
  }
}